name,email,birth_date
Keven Szreter,kszreter0@parallels.com,1976-05-11
Desiree Brazur,dbrazur1@vkontakte.ru,2001-05-04
Anjela Millett,amillett2@mail.ru,1999-02-09
Lorettalorna Spurrier,lspurrier3@about.me,1981-11-01
Yolane Sinncock,ysinncock4@1688.com,1990-03-16
Ernest Rostron,erostron5@hibu.com,1976-06-13
Kriste Everingham,keveringham6@go.com,1979-05-12
Caril Doumic,cdoumic7@moonfruit.com,1978-02-05
Marlo Bletsoe,mbletsoe8@si.edu,1995-01-31
Carter Cutmere,ccutmere9@w3.org,1978-11-30
Hasheem Nend,hnenda@cornell.edu,1982-02-09
King Prestland,kprestlandb@dot.gov,1998-01-31
Fergus Silversmid,fsilversmidc@skyrock.com,1996-01-08
Elyn Ledford,eledfordd@eventbrite.com,1970-04-25
Wainwright Jonah,wjonahe@jiathis.com,1973-06-12
Harlie Garment,hgarmentf@youtu.be,1976-02-22
Serene Hutcheon,shutcheong@live.com,1976-03-05
Caro Vasilic,cvasilich@photobucket.com,1986-11-18
Bronnie Strong,bstrongi@examiner.com,1971-10-07
Halli Christoffels,hchristoffelsj@google.ru,1973-06-20
Wash Scott,wscottk@apache.org,1984-09-01
Maud Petrillo,mpetrillol@e-recht24.de,1974-03-27
Doralin Lefeuvre,dlefeuvrem@360.cn,1974-04-10
Dina Hammarberg,dhammarbergn@naver.com,1991-04-26
Cullin Ghent,cghento@buzzfeed.com,1996-01-15
Katine McClifferty,kmccliffertyp@va.gov,1991-06-10
Merry Cassell,mcassellq@com.com,1970-08-24
Jens Millam,jmillamr@yolasite.com,1988-08-31
Taddeo Gershom,tgershoms@irs.gov,2000-12-17
Harmon Greated,hgreatedt@bbb.org,1975-12-09
Sallyanne Polland,spollandu@cocolog-nifty.com,1988-05-20
Vance Sayce,vsaycev@reddit.com,1971-08-10
Mile Harvey,mharveyw@drupal.org,1975-05-08
Llewellyn Benzie,lbenziex@comcast.net,1986-11-12
Brynna Griss,bgrissy@tamu.edu,1991-03-22
Ashlin Jelf,ajelfz@google.ca,1982-07-21
Elias Carrivick,ecarrivick10@berkeley.edu,1998-12-23
Kelley Nel,knel11@list-manage.com,1981-08-02
Mirilla Eloi,meloi12@wikimedia.org,2000-09-06
Alexina Tzar,atzar13@xing.com,1974-11-20
Geneva Stavers,gstavers14@bloglovin.com,1993-08-25
Rudiger Shuxsmith,rshuxsmith15@mashable.com,1975-02-13
Nanine Whittlesee,nwhittlesee16@google.com.au,2001-03-27
Giacopo Clarkin,gclarkin17@de.vu,1985-03-28
Lyman Kochlin,lkochlin18@google.com.au,1994-07-01
Carmella Josefsohn,cjosefsohn19@unesco.org,1987-12-04
Martino Foden,mfoden1a@loc.gov,1973-06-10
Raynor Panchen,rpanchen1b@creativecommons.org,1997-04-25
Pierre Leindecker,pleindecker1c@cnn.com,1997-03-19
Case Oliveira,coliveira1d@sakura.ne.jp,1986-04-09
Axe Gullan,agullan1e@ucoz.ru,1995-08-19
Andra Fishbie,afishbie1f@naver.com,1975-05-07
Charmaine Messam,cmessam1g@discovery.com,1984-12-02
Bran Capewell,bcapewell1h@hp.com,1970-04-16
Tine Batho,tbatho1i@baidu.com,1973-10-19
Donavon Clemenceau,dclemenceau1j@blogspot.com,2001-06-08
Lorne Blumsom,lblumsom1k@businesswire.com,1998-12-16
Wanids Grindell,wgrindell1l@europa.eu,1976-04-07
Rowen Kirmond,rkirmond1m@netvibes.com,1970-02-04
Franni Cagan,fcagan1n@who.int,1992-12-24
Jenelle O'Murtagh,jomurtagh1o@cdc.gov,1994-07-06
Colman De Ambrosi,cde1p@google.it,1993-08-16
Ardra Ferby,aferby1q@washingtonpost.com,1970-05-10
Glory McTavy,gmctavy1r@miitbeian.gov.cn,1982-05-11
Elvin Coushe,ecoushe1s@telegraph.co.uk,1991-02-14
Jeffrey O'Connor,joconnor1t@delicious.com,1986-12-02
Melanie Fitzpatrick,mfitzpatrick1u@goo.gl,1985-02-17
Sheri Moohan,smoohan1v@nature.com,1980-05-12
Loren Glendza,lglendza1w@nydailynews.com,1980-12-24
Chandra Ferruzzi,cferruzzi1x@un.org,1977-07-07
Sabina Ankers,sankers1y@blogspot.com,1991-05-29
Angela Matejic,amatejic1z@hc360.com,1986-11-08
Katinka Barthot,kbarthot20@google.nl,1975-09-04
Kathi Sweet,ksweet21@printfriendly.com,1987-11-30
Jolee Trattles,jtrattles22@amazonaws.com,1982-07-04
Allegra McClounan,amcclounan23@theglobeandmail.com,1972-11-05
Saidee Mosdall,smosdall24@flickr.com,1989-06-25
Jedidiah Cornish,jcornish25@ovh.net,1990-08-03
Kristy Trye,ktrye26@discuz.net,1978-05-10
Vivyanne Beumant,vbeumant27@soundcloud.com,1993-07-27
Nikolia Dadds,ndadds28@blogtalkradio.com,1976-04-11
Tadd Fenners,tfenners29@imgur.com,1972-07-17
Sallee Chritchley,schritchley2a@1und1.de,2000-08-02
Hedvig Sloegrave,hsloegrave2b@vkontakte.ru,1996-12-22
Lovell Hovy,lhovy2c@ezinearticles.com,1998-02-16
Clay Kitchen,ckitchen2d@amazonaws.com,1973-05-14
Codee De Fraine,cde2e@telegraph.co.uk,1998-09-04
Willow Muckian,wmuckian2f@about.me,1983-11-04
Evered Bimson,ebimson2g@phpbb.com,1986-03-26
Cchaddie Olive,colive2h@unesco.org,1974-12-15
Onfroi Rannells,orannells2i@purevolume.com,1986-09-22
Bradley McCawley,bmccawley2j@over-blog.com,1991-08-11
Melody Barriball,mbarriball2k@thetimes.co.uk,1992-07-18
Jamil Cokely,jcokely2l@sohu.com,1997-05-27
Bayard Barden,bbarden2m@reddit.com,1984-01-17
Zarla Kimble,zkimble2n@facebook.com,1971-06-11
Cynde Aldred,caldred2o@cpanel.net,1983-04-22
Gerrie Peschke,gpeschke2p@stumbleupon.com,1975-11-19
Caren Dehmel,cdehmel2q@surveymonkey.com,1974-01-30
Zelig Rallin,zrallin2r@sun.com,1972-01-17
